<?xml version="1.0" encoding="UTF-8"?>
<export version="D">
  <design>
    <source>C:\Users\Oscar\Documents\AstroCompute\astro_compute_board\astro_compute_board.sch</source>
    <date>23/11/2020 20:43:16</date>
    <tool>Eeschema (5.1.7)-1</tool>
    <sheet number="1" name="/" tstamps="/">
      <title_block>
        <title>Astro Compute Raspberry Pi Zero W + STM32</title>
        <company/>
        <rev>1</rev>
        <date>2020-11-18</date>
        <source>astro_compute_board.sch</source>
        <comment number="1" value=""/>
        <comment number="2" value=""/>
        <comment number="3" value=""/>
        <comment number="4" value=""/>
      </title_block>
    </sheet>
  </design>
  <components>
    <comp ref="U1">
      <value>STM32F405RGTx</value>
      <footprint>Package_QFP:LQFP-64_10x10mm_P0.5mm</footprint>
      <datasheet>http://www.st.com/st-web-ui/static/active/en/resource/technical/document/datasheet/DM00037051.pdf</datasheet>
      <fields>
        <field name="LCSC Part #">C15742</field>
      </fields>
      <libsource lib="MCU_ST_STM32F4" part="STM32F405RGTx" description="ARM Cortex-M4 MCU, 1024KB flash, 128KB RAM, 168MHz, 1.8-3.6V, 51 GPIO, LQFP-64"/>
      <sheetpath names="/" tstamps="/"/>
      <tstamp>5FB57C3A</tstamp>
    </comp>
    <comp ref="C2">
      <value>2u2</value>
      <footprint>Capacitor_SMD:C_0603_1608Metric</footprint>
      <datasheet>~</datasheet>
      <fields>
        <field name="LCSC Part #">C23630</field>
      </fields>
      <libsource lib="Device" part="C_Small" description="Unpolarized capacitor, small symbol"/>
      <sheetpath names="/" tstamps="/"/>
      <tstamp>5FB5F1B0</tstamp>
    </comp>
    <comp ref="C1">
      <value>2u2</value>
      <footprint>Capacitor_SMD:C_0603_1608Metric</footprint>
      <datasheet>~</datasheet>
      <fields>
        <field name="LCSC Part #">C23630</field>
      </fields>
      <libsource lib="Device" part="C_Small" description="Unpolarized capacitor, small symbol"/>
      <sheetpath names="/" tstamps="/"/>
      <tstamp>5FB5F5D1</tstamp>
    </comp>
    <comp ref="SW1">
      <value>SW_SPDT</value>
      <footprint>Button_Switch_SMD:SW_SPDT_PCM12</footprint>
      <datasheet>~</datasheet>
      <libsource lib="Switch" part="SW_SPDT" description="Switch, single pole double throw"/>
      <sheetpath names="/" tstamps="/"/>
      <tstamp>5FB6186C</tstamp>
    </comp>
    <comp ref="R1">
      <value>10k</value>
      <footprint>Resistor_SMD:R_0402_1005Metric</footprint>
      <datasheet>~</datasheet>
      <fields>
        <field name="LCSC Part #">C25744</field>
      </fields>
      <libsource lib="Device" part="R_Small" description="Resistor, small symbol"/>
      <sheetpath names="/" tstamps="/"/>
      <tstamp>5FB62526</tstamp>
    </comp>
    <comp ref="C3">
      <value>4.7uF</value>
      <footprint>Capacitor_SMD:C_0402_1005Metric</footprint>
      <datasheet>~</datasheet>
      <fields>
        <field name="LCSC Part #">C23733</field>
      </fields>
      <libsource lib="Device" part="C_Small" description="Unpolarized capacitor, small symbol"/>
      <sheetpath names="/" tstamps="/"/>
      <tstamp>5FB7271E</tstamp>
    </comp>
    <comp ref="C4">
      <value>100n</value>
      <footprint>Capacitor_SMD:C_0402_1005Metric</footprint>
      <datasheet>~</datasheet>
      <fields>
        <field name="LCSC Part #">C1525</field>
      </fields>
      <libsource lib="Device" part="C_Small" description="Unpolarized capacitor, small symbol"/>
      <sheetpath names="/" tstamps="/"/>
      <tstamp>5FB72EFE</tstamp>
    </comp>
    <comp ref="C5">
      <value>100n</value>
      <footprint>Capacitor_SMD:C_0402_1005Metric</footprint>
      <datasheet>~</datasheet>
      <fields>
        <field name="LCSC Part #">C1525</field>
      </fields>
      <libsource lib="Device" part="C_Small" description="Unpolarized capacitor, small symbol"/>
      <sheetpath names="/" tstamps="/"/>
      <tstamp>5FB7330A</tstamp>
    </comp>
    <comp ref="C6">
      <value>100n</value>
      <footprint>Capacitor_SMD:C_0402_1005Metric</footprint>
      <datasheet>~</datasheet>
      <fields>
        <field name="LCSC Part #">C1525</field>
      </fields>
      <libsource lib="Device" part="C_Small" description="Unpolarized capacitor, small symbol"/>
      <sheetpath names="/" tstamps="/"/>
      <tstamp>5FB73671</tstamp>
    </comp>
    <comp ref="C7">
      <value>100n</value>
      <footprint>Capacitor_SMD:C_0402_1005Metric</footprint>
      <datasheet>~</datasheet>
      <fields>
        <field name="LCSC Part #">C1525</field>
      </fields>
      <libsource lib="Device" part="C_Small" description="Unpolarized capacitor, small symbol"/>
      <sheetpath names="/" tstamps="/"/>
      <tstamp>5FB739EA</tstamp>
    </comp>
    <comp ref="C8">
      <value>100n</value>
      <footprint>Capacitor_SMD:C_0402_1005Metric</footprint>
      <datasheet>~</datasheet>
      <fields>
        <field name="LCSC Part #">C1525</field>
      </fields>
      <libsource lib="Device" part="C_Small" description="Unpolarized capacitor, small symbol"/>
      <sheetpath names="/" tstamps="/"/>
      <tstamp>5FB73D7A</tstamp>
    </comp>
    <comp ref="L1">
      <value>39n</value>
      <footprint>Inductor_SMD:L_0402_1005Metric</footprint>
      <datasheet>~</datasheet>
      <fields>
        <field name="LCSC Part #">C26443</field>
      </fields>
      <libsource lib="Device" part="L_Small" description="Inductor, small symbol"/>
      <sheetpath names="/" tstamps="/"/>
      <tstamp>5FB7B77B</tstamp>
    </comp>
    <comp ref="C9">
      <value>1u</value>
      <footprint>Capacitor_SMD:C_0402_1005Metric</footprint>
      <datasheet>~</datasheet>
      <fields>
        <field name="LCSC Part #">C52923</field>
      </fields>
      <libsource lib="Device" part="C_Small" description="Unpolarized capacitor, small symbol"/>
      <sheetpath names="/" tstamps="/"/>
      <tstamp>5FB7D154</tstamp>
    </comp>
    <comp ref="C10">
      <value>10n</value>
      <footprint>Capacitor_SMD:C_0402_1005Metric</footprint>
      <datasheet>~</datasheet>
      <fields>
        <field name="LCSC Part #">C15195</field>
      </fields>
      <libsource lib="Device" part="C_Small" description="Unpolarized capacitor, small symbol"/>
      <sheetpath names="/" tstamps="/"/>
      <tstamp>5FB7D569</tstamp>
    </comp>
    <comp ref="Y1">
      <value>16Mhz</value>
      <footprint>Crystal:Crystal_SMD_3225-4Pin_3.2x2.5mm</footprint>
      <datasheet>~</datasheet>
      <fields>
        <field name="LCSC Part #">C13738</field>
      </fields>
      <libsource lib="Device" part="Crystal_GND24_Small" description="Four pin crystal, GND on pins 2 and 4, small symbol"/>
      <sheetpath names="/" tstamps="/"/>
      <tstamp>5FB82A48</tstamp>
    </comp>
    <comp ref="C11">
      <value>12p</value>
      <footprint>Capacitor_SMD:C_0402_1005Metric</footprint>
      <datasheet>~</datasheet>
      <fields>
        <field name="LCSC Part #">C1547</field>
      </fields>
      <libsource lib="Device" part="C_Small" description="Unpolarized capacitor, small symbol"/>
      <sheetpath names="/" tstamps="/"/>
      <tstamp>5FB8384F</tstamp>
    </comp>
    <comp ref="C12">
      <value>12p</value>
      <footprint>Capacitor_SMD:C_0402_1005Metric</footprint>
      <datasheet>~</datasheet>
      <fields>
        <field name="LCSC Part #">C1547</field>
      </fields>
      <libsource lib="Device" part="C_Small" description="Unpolarized capacitor, small symbol"/>
      <sheetpath names="/" tstamps="/"/>
      <tstamp>5FB8408A</tstamp>
    </comp>
    <comp ref="R2">
      <value>47</value>
      <footprint>Resistor_SMD:R_0402_1005Metric</footprint>
      <datasheet>~</datasheet>
      <fields>
        <field name="LCSC Part #">C25118</field>
      </fields>
      <libsource lib="Device" part="R_Small" description="Resistor, small symbol"/>
      <sheetpath names="/" tstamps="/"/>
      <tstamp>5FB8D1F1</tstamp>
    </comp>
    <comp ref="D1">
      <value>BLUE</value>
      <footprint>LED_SMD:LED_0603_1608Metric</footprint>
      <datasheet>~</datasheet>
      <fields>
        <field name="LCSC Part #">C72041</field>
      </fields>
      <libsource lib="Device" part="LED_Small" description="Light emitting diode, small symbol"/>
      <sheetpath names="/" tstamps="/"/>
      <tstamp>5FBB631C</tstamp>
    </comp>
    <comp ref="R3">
      <value>2k</value>
      <footprint>Resistor_SMD:R_0603_1608Metric</footprint>
      <datasheet>~</datasheet>
      <fields>
        <field name="LCSC Part #">C22975</field>
      </fields>
      <libsource lib="Device" part="R_Small" description="Resistor, small symbol"/>
      <sheetpath names="/" tstamps="/"/>
      <tstamp>5FBB6BF9</tstamp>
    </comp>
    <comp ref="U2">
      <value>RT7257BHZSP</value>
      <footprint>Package_SO:SOIC-8-1EP_3.9x4.9mm_P1.27mm_EP2.29x3mm</footprint>
      <fields>
        <field name="LCSC Part #">C27998</field>
      </fields>
      <libsource lib="project_custom_symbols" part="RT7257BHZSP" description=""/>
      <sheetpath names="/" tstamps="/"/>
      <tstamp>5FBCFB1E</tstamp>
    </comp>
    <comp ref="F1">
      <value>3A</value>
      <footprint>Fuse:Fuse_1206_3216Metric</footprint>
      <datasheet>~</datasheet>
      <fields>
        <field name="LCSC Part #">C315895</field>
      </fields>
      <libsource lib="Device" part="Fuse_Small" description="Fuse, small symbol"/>
      <sheetpath names="/" tstamps="/"/>
      <tstamp>5FBD0F3D</tstamp>
    </comp>
    <comp ref="C14">
      <value>0.1u</value>
      <footprint>Capacitor_SMD:C_1206_3216Metric</footprint>
      <datasheet>~</datasheet>
      <fields>
        <field name="LCSC Part #">C24497</field>
      </fields>
      <libsource lib="Device" part="C_Small" description="Unpolarized capacitor, small symbol"/>
      <sheetpath names="/" tstamps="/"/>
      <tstamp>5FBD78B8</tstamp>
    </comp>
    <comp ref="R6">
      <value>100k</value>
      <footprint>Resistor_SMD:R_0603_1608Metric</footprint>
      <datasheet>~</datasheet>
      <fields>
        <field name="LCSC Part #">C25803</field>
      </fields>
      <libsource lib="Device" part="R_Small" description="Resistor, small symbol"/>
      <sheetpath names="/" tstamps="/"/>
      <tstamp>5FBDF465</tstamp>
    </comp>
    <comp ref="C13">
      <value>10uF</value>
      <footprint>Capacitor_SMD:C_1206_3216Metric</footprint>
      <datasheet>~</datasheet>
      <fields>
        <field name="LCSC Part #">C13585</field>
      </fields>
      <libsource lib="Device" part="C_Small" description="Unpolarized capacitor, small symbol"/>
      <sheetpath names="/" tstamps="/"/>
      <tstamp>5FBE1415</tstamp>
    </comp>
    <comp ref="C16">
      <value>0.1u</value>
      <footprint>Capacitor_SMD:C_1206_3216Metric</footprint>
      <datasheet>~</datasheet>
      <fields>
        <field name="LCSC Part #">C24497</field>
      </fields>
      <libsource lib="Device" part="C_Small" description="Unpolarized capacitor, small symbol"/>
      <sheetpath names="/" tstamps="/"/>
      <tstamp>5FC06E77</tstamp>
    </comp>
    <comp ref="L2">
      <value>6.8uH</value>
      <footprint>Inductor_SMD:L_Sunlord_MWSA0518_5.4x5.2mm</footprint>
      <datasheet>~</datasheet>
      <fields>
        <field name="LCSC Part #">C408348</field>
      </fields>
      <libsource lib="Device" part="L_Small" description="Inductor, small symbol"/>
      <sheetpath names="/" tstamps="/"/>
      <tstamp>5FC0A600</tstamp>
    </comp>
    <comp ref="R8">
      <value>62k</value>
      <footprint>Resistor_SMD:R_0603_1608Metric</footprint>
      <datasheet>~</datasheet>
      <fields>
        <field name="LCSC Part #">C23221</field>
      </fields>
      <libsource lib="Device" part="R_Small" description="Resistor, small symbol"/>
      <sheetpath names="/" tstamps="/"/>
      <tstamp>5FC1046A</tstamp>
    </comp>
    <comp ref="R9">
      <value>11.8k</value>
      <footprint>Resistor_SMD:R_0603_1608Metric</footprint>
      <datasheet>~</datasheet>
      <fields>
        <field name="LCSC Part #">C22861</field>
      </fields>
      <libsource lib="Device" part="R_Small" description="Resistor, small symbol"/>
      <sheetpath names="/" tstamps="/"/>
      <tstamp>5FC16DC2</tstamp>
    </comp>
    <comp ref="C18">
      <value>22uF</value>
      <footprint>Capacitor_SMD:C_1206_3216Metric</footprint>
      <datasheet>~</datasheet>
      <fields>
        <field name="LCSC Part #">C5672</field>
      </fields>
      <libsource lib="Device" part="C_Small" description="Unpolarized capacitor, small symbol"/>
      <sheetpath names="/" tstamps="/"/>
      <tstamp>5FC1A21D</tstamp>
    </comp>
    <comp ref="C17">
      <value>2.2nF</value>
      <footprint>Capacitor_SMD:C_1206_3216Metric</footprint>
      <datasheet>~</datasheet>
      <fields>
        <field name="LCSC Part #">C35220</field>
      </fields>
      <libsource lib="Device" part="C_Small" description="Unpolarized capacitor, small symbol"/>
      <sheetpath names="/" tstamps="/"/>
      <tstamp>5FC2947A</tstamp>
    </comp>
    <comp ref="R7">
      <value>33k</value>
      <footprint>Resistor_SMD:R_0603_1608Metric</footprint>
      <datasheet>~</datasheet>
      <fields>
        <field name="LCSC Part #">C4216</field>
      </fields>
      <libsource lib="Device" part="R_Small" description="Resistor, small symbol"/>
      <sheetpath names="/" tstamps="/"/>
      <tstamp>5FC29769</tstamp>
    </comp>
    <comp ref="FB1">
      <value>600omh @ 600Mhz</value>
      <footprint>Inductor_SMD:L_0805_2012Metric</footprint>
      <datasheet>~</datasheet>
      <fields>
        <field name="LCSC Part #">C1017</field>
      </fields>
      <libsource lib="Device" part="Ferrite_Bead_Small" description="Ferrite bead, small symbol"/>
      <sheetpath names="/" tstamps="/"/>
      <tstamp>5FC9EF6D</tstamp>
    </comp>
    <comp ref="R4">
      <value>2K2</value>
      <footprint>Resistor_SMD:R_0805_2012Metric</footprint>
      <datasheet>~</datasheet>
      <fields>
        <field name="LCSC Part #">C17520</field>
      </fields>
      <libsource lib="Device" part="R_Small" description="Resistor, small symbol"/>
      <sheetpath names="/" tstamps="/"/>
      <tstamp>5FCD0727</tstamp>
    </comp>
    <comp ref="R5">
      <value>2K2</value>
      <footprint>Resistor_SMD:R_0805_2012Metric</footprint>
      <datasheet>~</datasheet>
      <fields>
        <field name="LCSC Part #">C17520</field>
      </fields>
      <libsource lib="Device" part="R_Small" description="Resistor, small symbol"/>
      <sheetpath names="/" tstamps="/"/>
      <tstamp>5FCD154E</tstamp>
    </comp>
    <comp ref="J1">
      <value>SWD</value>
      <footprint>Connector_PinHeader_1.27mm:PinHeader_2x05_P1.27mm_Vertical_SMD</footprint>
      <datasheet>~</datasheet>
      <libsource lib="Connector_Generic" part="Conn_02x05_Odd_Even" description="Generic connector, double row, 02x05"/>
      <sheetpath names="/" tstamps="/"/>
      <tstamp>5FCEE91D</tstamp>
    </comp>
    <comp ref="R14">
      <value>22</value>
      <footprint>Resistor_SMD:R_0402_1005Metric</footprint>
      <datasheet>~</datasheet>
      <fields>
        <field name="LCSC Part #">C25092</field>
      </fields>
      <libsource lib="Device" part="R_Small" description="Resistor, small symbol"/>
      <sheetpath names="/" tstamps="/"/>
      <tstamp>5FCF0B8D</tstamp>
    </comp>
    <comp ref="R16">
      <value>22</value>
      <footprint>Resistor_SMD:R_0402_1005Metric</footprint>
      <datasheet>~</datasheet>
      <fields>
        <field name="LCSC Part #">C25092</field>
      </fields>
      <libsource lib="Device" part="R_Small" description="Resistor, small symbol"/>
      <sheetpath names="/" tstamps="/"/>
      <tstamp>5FCF61B7</tstamp>
    </comp>
    <comp ref="R17">
      <value>22</value>
      <footprint>Resistor_SMD:R_0402_1005Metric</footprint>
      <datasheet>~</datasheet>
      <fields>
        <field name="LCSC Part #">C25092</field>
      </fields>
      <libsource lib="Device" part="R_Small" description="Resistor, small symbol"/>
      <sheetpath names="/" tstamps="/"/>
      <tstamp>5FCF63BD</tstamp>
    </comp>
    <comp ref="USART1">
      <value>Conn_01x04</value>
      <footprint>Connector_Molex:Molex_PicoBlade_53048-0410_1x04_P1.25mm_Horizontal</footprint>
      <datasheet>~</datasheet>
      <libsource lib="Connector_Generic" part="Conn_01x04" description="Generic connector, single row, 01x04, script generated)"/>
      <sheetpath names="/" tstamps="/"/>
      <tstamp>5FD51CB6</tstamp>
    </comp>
    <comp ref="R12">
      <value>22</value>
      <footprint>Resistor_SMD:R_0402_1005Metric</footprint>
      <datasheet>~</datasheet>
      <fields>
        <field name="LCSC Part #">C25092</field>
      </fields>
      <libsource lib="Device" part="R_Small" description="Resistor, small symbol"/>
      <sheetpath names="/" tstamps="/"/>
      <tstamp>5FD66424</tstamp>
    </comp>
    <comp ref="R13">
      <value>22</value>
      <footprint>Resistor_SMD:R_0402_1005Metric</footprint>
      <datasheet>~</datasheet>
      <fields>
        <field name="LCSC Part #">C25092</field>
      </fields>
      <libsource lib="Device" part="R_Small" description="Resistor, small symbol"/>
      <sheetpath names="/" tstamps="/"/>
      <tstamp>5FD72E07</tstamp>
    </comp>
    <comp ref="J8">
      <value>RaspberryHeader</value>
      <footprint>Connector_PinHeader_2.54mm:PinHeader_2x20_P2.54mm_Vertical</footprint>
      <datasheet>~</datasheet>
      <libsource lib="Connector_Generic" part="Conn_02x20_Odd_Even" description="Generic connector, double row, 02x20,"/>
      <sheetpath names="/" tstamps="/"/>
      <tstamp>5FD8DBB4</tstamp>
    </comp>
    <comp ref="J6">
      <value>USB_B_Micro</value>
      <footprint>Connector_USB:USB_Micro-AB_Molex_47590-0001</footprint>
      <datasheet>~</datasheet>
      <libsource lib="Connector" part="USB_B_Micro" description="USB Micro Type B connector"/>
      <sheetpath names="/" tstamps="/"/>
      <tstamp>5FDF1759</tstamp>
    </comp>
    <comp ref="U3">
      <value>USBLC6-2SC6</value>
      <footprint>Package_TO_SOT_SMD:SOT-23-6</footprint>
      <datasheet>https://www.st.com/resource/en/datasheet/usblc6-2.pdf</datasheet>
      <fields>
        <field name="LCSC Part #">C7519</field>
      </fields>
      <libsource lib="Power_Protection" part="USBLC6-2SC6" description="Very low capacitance ESD protection diode, 2 data-line, SOT-23-6"/>
      <sheetpath names="/" tstamps="/"/>
      <tstamp>5FDFC810</tstamp>
    </comp>
    <comp ref="GPIO1">
      <value>GPIO_CONNECTOR</value>
      <footprint>Connector_PinHeader_1.27mm:PinHeader_2x05_P1.27mm_Vertical_SMD</footprint>
      <datasheet>~</datasheet>
      <libsource lib="Connector_Generic" part="Conn_02x05_Odd_Even" description="Generic connector, double row, 02x05"/>
      <sheetpath names="/" tstamps="/"/>
      <tstamp>5FE746DB</tstamp>
    </comp>
    <comp ref="Q3">
      <value>IRF540S</value>
      <footprint>Package_TO_SOT_SMD:TO-263-2</footprint>
      <fields>
        <field name="LCSC Part #">C725068</field>
        <field name="MANUFACTURER">Vishay</field>
        <field name="MAXIMUM_PACKAGE_HEIGHT">19.89 mm</field>
        <field name="PARTREV">B</field>
        <field name="STANDARD">IPC 7351B</field>
      </fields>
      <libsource lib="IRF540" part="IRF540" description=""/>
      <sheetpath names="/" tstamps="/"/>
      <tstamp>5FE9B193</tstamp>
    </comp>
    <comp ref="R18">
      <value>1k</value>
      <footprint>Resistor_SMD:R_0603_1608Metric</footprint>
      <datasheet>~</datasheet>
      <fields>
        <field name="LCSC Part #">C21190</field>
      </fields>
      <libsource lib="Device" part="R_Small" description="Resistor, small symbol"/>
      <sheetpath names="/" tstamps="/"/>
      <tstamp>5FEAA4C2</tstamp>
    </comp>
    <comp ref="R19">
      <value>220k</value>
      <footprint>Resistor_SMD:R_0603_1608Metric</footprint>
      <datasheet>~</datasheet>
      <fields>
        <field name="LCSC Part #">C22961</field>
      </fields>
      <libsource lib="Device" part="R_Small" description="Resistor, small symbol"/>
      <sheetpath names="/" tstamps="/"/>
      <tstamp>5FEAABD9</tstamp>
    </comp>
    <comp ref="Heater2">
      <value>Heater01</value>
      <footprint>TerminalBlock:TerminalBlock_bornier-2_P5.08mm</footprint>
      <datasheet>~</datasheet>
      <libsource lib="Connector" part="Screw_Terminal_01x02" description="Generic screw terminal, single row, 01x02, sc"/>
      <sheetpath names="/" tstamps="/"/>
      <tstamp>5FED96BF</tstamp>
    </comp>
    <comp ref="Heater1">
      <value>Heater01</value>
      <footprint>TerminalBlock:TerminalBlock_bornier-2_P5.08mm</footprint>
      <datasheet>~</datasheet>
      <libsource lib="Connector" part="Screw_Terminal_01x02" description="Generic screw terminal, single row, 01x02, script generate"/>
      <sheetpath names="/" tstamps="/"/>
      <tstamp>5FF07275</tstamp>
    </comp>
    <comp ref="Q2">
      <value>IRF540S</value>
      <footprint>Package_TO_SOT_SMD:TO-263-2</footprint>
      <fields>
        <field name="LCSC Part #">C725068</field>
        <field name="MANUFACTURER">Vishay</field>
        <field name="MAXIMUM_PACKAGE_HEIGHT">19.89 mm</field>
        <field name="PARTREV">B</field>
        <field name="STANDARD">IPC 7351B</field>
      </fields>
      <libsource lib="IRF540" part="IRF540" description=""/>
      <sheetpath names="/" tstamps="/"/>
      <tstamp>5FF1D605</tstamp>
    </comp>
    <comp ref="R10">
      <value>1k</value>
      <footprint>Resistor_SMD:R_0603_1608Metric</footprint>
      <datasheet>~</datasheet>
      <fields>
        <field name="LCSC Part #">C21190</field>
      </fields>
      <libsource lib="Device" part="R_Small" description="Resistor, small symbol"/>
      <sheetpath names="/" tstamps="/"/>
      <tstamp>5FF28493</tstamp>
    </comp>
    <comp ref="R11">
      <value>220k</value>
      <footprint>Resistor_SMD:R_0603_1608Metric</footprint>
      <datasheet>~</datasheet>
      <fields>
        <field name="LCSC Part #">C22961</field>
      </fields>
      <libsource lib="Device" part="R_Small" description="Resistor, small symbol"/>
      <sheetpath names="/" tstamps="/"/>
      <tstamp>5FF28964</tstamp>
    </comp>
    <comp ref="J9">
      <value>VINPUT</value>
      <footprint>TerminalBlock:TerminalBlock_bornier-2_P5.08mm</footprint>
      <datasheet>~</datasheet>
      <libsource lib="Connector" part="Screw_Terminal_01x02" description="Generic screw terminal, single row, 01x02, script generated (kicad-library-utils/schlib/autogen/connector/)"/>
      <sheetpath names="/" tstamps="/"/>
      <tstamp>6005F184</tstamp>
    </comp>
    <comp ref="U5">
      <value>MCP9808_MSOP</value>
      <footprint>Package_SO:MSOP-8_3x3mm_P0.65mm</footprint>
      <datasheet>http://ww1.microchip.com/downloads/en/DeviceDoc/22203b.pdf</datasheet>
      <fields>
        <field name="LCSC Part #">C94847</field>
      </fields>
      <libsource lib="Sensor_Temperature" part="MCP9808_MSOP" description="+/-0.25C (+/-0.5C) Typical (Maximum), Digital Temperature Sensor, MSOP-8"/>
      <sheetpath names="/" tstamps="/"/>
      <tstamp>60242D15</tstamp>
    </comp>
    <comp ref="R20">
      <value>2K2</value>
      <footprint>Resistor_SMD:R_0805_2012Metric</footprint>
      <datasheet>~</datasheet>
      <fields>
        <field name="LCSC Part #">C17520</field>
      </fields>
      <libsource lib="Device" part="R_Small" description="Resistor, small symbol"/>
      <sheetpath names="/" tstamps="/"/>
      <tstamp>6030AE12</tstamp>
    </comp>
    <comp ref="R21">
      <value>2K2</value>
      <footprint>Resistor_SMD:R_0805_2012Metric</footprint>
      <datasheet>~</datasheet>
      <fields>
        <field name="LCSC Part #">C17520</field>
      </fields>
      <libsource lib="Device" part="R_Small" description="Resistor, small symbol"/>
      <sheetpath names="/" tstamps="/"/>
      <tstamp>603EAB80</tstamp>
    </comp>
    <comp ref="J10">
      <value>ADC_IO</value>
      <footprint>Connector_Molex:Molex_PicoBlade_53048-0510_1x05_P1.25mm_Horizontal</footprint>
      <datasheet>~</datasheet>
      <libsource lib="Connector_Generic" part="Conn_01x05" description="Generic connector, single row, 01x05, script generated (kicad-library-utils/schlib/autogen/connector/)"/>
      <sheetpath names="/" tstamps="/"/>
      <tstamp>5FB8FD17</tstamp>
    </comp>
    <comp ref="H1">
      <value>MountingHole_Pad</value>
      <footprint>MountingHole:MountingHole_3.2mm_M3_Pad_Via</footprint>
      <datasheet>~</datasheet>
      <libsource lib="Mechanical" part="MountingHole_Pad" description="Mounting Hole with connection"/>
      <sheetpath names="/" tstamps="/"/>
      <tstamp>5FBF361D</tstamp>
    </comp>
    <comp ref="H2">
      <value>MountingHole_Pad</value>
      <footprint>MountingHole:MountingHole_3.2mm_M3_Pad_Via</footprint>
      <datasheet>~</datasheet>
      <libsource lib="Mechanical" part="MountingHole_Pad" description="Mounting Hole with connection"/>
      <sheetpath names="/" tstamps="/"/>
      <tstamp>5FBF4339</tstamp>
    </comp>
    <comp ref="H3">
      <value>MountingHole_Pad</value>
      <footprint>MountingHole:MountingHole_3.2mm_M3_Pad_Via</footprint>
      <datasheet>~</datasheet>
      <libsource lib="Mechanical" part="MountingHole_Pad" description="Mounting Hole with connection"/>
      <sheetpath names="/" tstamps="/"/>
      <tstamp>5FBF4548</tstamp>
    </comp>
    <comp ref="H4">
      <value>MountingHole_Pad</value>
      <footprint>MountingHole:MountingHole_3.2mm_M3_Pad_Via</footprint>
      <datasheet>~</datasheet>
      <libsource lib="Mechanical" part="MountingHole_Pad" description="Mounting Hole with connection"/>
      <sheetpath names="/" tstamps="/"/>
      <tstamp>5FBF47BA</tstamp>
    </comp>
    <comp ref="R15">
      <value>22</value>
      <footprint>Resistor_SMD:R_0402_1005Metric</footprint>
      <datasheet>~</datasheet>
      <fields>
        <field name="LCSC Part #">C25092</field>
      </fields>
      <libsource lib="Device" part="R_Small" description="Resistor, small symbol"/>
      <sheetpath names="/" tstamps="/"/>
      <tstamp>5FCF5FF8</tstamp>
    </comp>
    <comp ref="D2">
      <value>B5817W-5819W</value>
      <footprint>Diode_SMD:D_SOD-123</footprint>
      <datasheet>~</datasheet>
      <fields>
        <field name="LCSC Part #">C84032</field>
      </fields>
      <libsource lib="Device" part="D_Schottky_Small" description="Schottky diode, small symbol"/>
      <sheetpath names="/" tstamps="/"/>
      <tstamp>6033E56A</tstamp>
    </comp>
    <comp ref="C15">
      <value>22uF</value>
      <footprint>Capacitor_SMD:C_1206_3216Metric</footprint>
      <datasheet>~</datasheet>
      <fields>
        <field name="LCSC Part #">C5672</field>
      </fields>
      <libsource lib="Device" part="C_Small" description="Unpolarized capacitor, small symbol"/>
      <sheetpath names="/" tstamps="/"/>
      <tstamp>6034E62B</tstamp>
    </comp>
    <comp ref="U4">
      <value>LM1117-3.3</value>
      <footprint>Package_TO_SOT_SMD:SOT-223</footprint>
      <datasheet>http://www.ti.com/lit/ds/symlink/lm1117.pdf</datasheet>
      <fields>
        <field name="LCSC Part #">C23984</field>
      </fields>
      <libsource lib="Regulator_Linear" part="LM1117-3.3" description="800mA Low-Dropout Linear Regulator, 3.3V fixed output, TO-220/TO-252/TO-263/SOT-223"/>
      <sheetpath names="/" tstamps="/"/>
      <tstamp>603A32DE</tstamp>
    </comp>
    <comp ref="C19">
      <value>10uF</value>
      <footprint>Capacitor_SMD:C_1206_3216Metric</footprint>
      <datasheet>~</datasheet>
      <fields>
        <field name="LCSC Part #">C13585</field>
      </fields>
      <libsource lib="Device" part="C_Small" description="Unpolarized capacitor, small symbol"/>
      <sheetpath names="/" tstamps="/"/>
      <tstamp>603A5244</tstamp>
    </comp>
    <comp ref="C20">
      <value>10uF</value>
      <footprint>Capacitor_SMD:C_1206_3216Metric</footprint>
      <datasheet>~</datasheet>
      <fields>
        <field name="LCSC Part #">C13585</field>
      </fields>
      <libsource lib="Device" part="C_Small" description="Unpolarized capacitor, small symbol"/>
      <sheetpath names="/" tstamps="/"/>
      <tstamp>603A6BB5</tstamp>
    </comp>
    <comp ref="R24">
      <value>1k</value>
      <footprint>Resistor_SMD:R_0603_1608Metric</footprint>
      <datasheet>~</datasheet>
      <fields>
        <field name="LCSC Part #">C21190</field>
      </fields>
      <libsource lib="Device" part="R_Small" description="Resistor, small symbol"/>
      <sheetpath names="/" tstamps="/"/>
      <tstamp>603ECC35</tstamp>
    </comp>
    <comp ref="D5">
      <value>Green</value>
      <footprint>LED_SMD:LED_0603_1608Metric</footprint>
      <datasheet>~</datasheet>
      <fields>
        <field name="LCSC Part #">C72043</field>
      </fields>
      <libsource lib="Device" part="LED_Small" description="Light emitting diode, small symbol"/>
      <sheetpath names="/" tstamps="/"/>
      <tstamp>603EA6DC</tstamp>
    </comp>
    <comp ref="Q1">
      <value>QM6015D</value>
      <footprint>Package_TO_SOT_SMD:TO-252-2</footprint>
      <datasheet>http://www.jaolen.com/images/pdf/QM6015D.pdf</datasheet>
      <fields>
        <field name="LCSC Part #">C238708</field>
      </fields>
      <libsource lib="Transistor_FET" part="QM6015D" description="-35A Id, -60V Vds, P-Channel Power MOSFET, 25mOhm Ron, 25.0nC Qg (typ), TO252"/>
      <sheetpath names="/" tstamps="/"/>
      <tstamp>5FC8C5FE</tstamp>
    </comp>
    <comp ref="R22">
      <value>1k</value>
      <footprint>Resistor_SMD:R_0603_1608Metric</footprint>
      <datasheet>~</datasheet>
      <fields>
        <field name="LCSC Part #">C21190</field>
      </fields>
      <libsource lib="Device" part="R_Small" description="Resistor, small symbol"/>
      <sheetpath names="/" tstamps="/"/>
      <tstamp>604B558B</tstamp>
    </comp>
    <comp ref="D3">
      <value>RED</value>
      <footprint>LED_SMD:LED_0603_1608Metric</footprint>
      <datasheet>~</datasheet>
      <fields>
        <field name="LCSC Part #">C2286</field>
      </fields>
      <libsource lib="Device" part="LED_Small" description="Light emitting diode, small symbol"/>
      <sheetpath names="/" tstamps="/"/>
      <tstamp>604B5844</tstamp>
    </comp>
    <comp ref="R23">
      <value>1k</value>
      <footprint>Resistor_SMD:R_0603_1608Metric</footprint>
      <datasheet>~</datasheet>
      <fields>
        <field name="LCSC Part #">C21190</field>
      </fields>
      <libsource lib="Device" part="R_Small" description="Resistor, small symbol"/>
      <sheetpath names="/" tstamps="/"/>
      <tstamp>604DE04D</tstamp>
    </comp>
    <comp ref="D4">
      <value>RED</value>
      <footprint>LED_SMD:LED_0603_1608Metric</footprint>
      <datasheet>~</datasheet>
      <fields>
        <field name="LCSC Part #">C2286</field>
      </fields>
      <libsource lib="Device" part="LED_Small" description="Light emitting diode, small symbol"/>
      <sheetpath names="/" tstamps="/"/>
      <tstamp>604DEBB1</tstamp>
    </comp>
  </components>
  <libparts>
    <libpart lib="Connector" part="Screw_Terminal_01x02">
      <description>Generic screw terminal, single row, 01x02, script generated</description>
      <docs>~</docs>
      <footprints>
        <fp>TerminalBlock*:*</fp>
      </footprints>
      <fields>
        <field name="Reference">J</field>
        <field name="Value">Screw_Terminal_01x02</field>
      </fields>
      <pins>
        <pin num="1" name="Pin_1" type="passive"/>
        <pin num="2" name="Pin_2" type="passive"/>
      </pins>
    </libpart>
    <libpart lib="Connector" part="USB_B_Micro">
      <aliases>
        <alias>USB_B_Mini</alias>
      </aliases>
      <description>USB Micro Type B connector</description>
      <docs>~</docs>
      <footprints>
        <fp>USB*</fp>
      </footprints>
      <fields>
        <field name="Reference">J</field>
        <field name="Value">USB_B_Micro</field>
      </fields>
      <pins>
        <pin num="1" name="VBUS" type="power_out"/>
        <pin num="2" name="D-" type="BiDi"/>
        <pin num="3" name="D+" type="BiDi"/>
        <pin num="4" name="ID" type="passive"/>
        <pin num="5" name="GND" type="power_out"/>
        <pin num="6" name="Shield" type="passive"/>
      </pins>
    </libpart>
    <libpart lib="Connector_Generic" part="Conn_01x04">
      <description>Generic connector, single row, 01x04</description>
      <docs>~</docs>
      <footprints>
        <fp>Connector*:*_1x??_*</fp>
      </footprints>
      <fields>
        <field name="Reference">J</field>
        <field name="Value">Conn_01x04</field>
      </fields>
      <pins>
        <pin num="1" name="Pin_1" type="passive"/>
        <pin num="2" name="Pin_2" type="passive"/>
        <pin num="3" name="Pin_3" type="passive"/>
        <pin num="4" name="Pin_4" type="passive"/>
      </pins>
    </libpart>
    <libpart lib="Connector_Generic" part="Conn_01x05">
      <description>Generic connector, single row, 01x05</description>
      <docs>~</docs>
      <footprints>
        <fp>Connector*:*_1x??_*</fp>
      </footprints>
      <fields>
        <field name="Reference">J</field>
        <field name="Value">Conn_01x05</field>
      </fields>
      <pins>
        <pin num="1" name="Pin_1" type="passive"/>
        <pin num="2" name="Pin_2" type="passive"/>
        <pin num="3" name="Pin_3" type="passive"/>
        <pin num="4" name="Pin_4" type="passive"/>
        <pin num="5" name="Pin_5" type="passive"/>
      </pins>
    </libpart>
    <libpart lib="Connector_Generic" part="Conn_02x05_Odd_Even">
      <description>Generic connector, double row, 02x05</description>
      <docs>~</docs>
      <footprints>
        <fp>Connector*:*_2x??_*</fp>
      </footprints>
      <fields>
        <field name="Reference">J</field>
        <field name="Value">Conn_02x05_Odd_Even</field>
      </fields>
      <pins>
        <pin num="1" name="Pin_1" type="passive"/>
        <pin num="2" name="Pin_2" type="passive"/>
        <pin num="3" name="Pin_3" type="passive"/>
        <pin num="4" name="Pin_4" type="passive"/>
        <pin num="5" name="Pin_5" type="passive"/>
        <pin num="6" name="Pin_6" type="passive"/>
        <pin num="7" name="Pin_7" type="passive"/>
        <pin num="8" name="Pin_8" type="passive"/>
        <pin num="9" name="Pin_9" type="passive"/>
        <pin num="10" name="Pin_10" type="passive"/>
      </pins>
    </libpart>
    <libpart lib="Connector_Generic" part="Conn_02x20_Odd_Even">
      <description>Generic connector, double row, 02x20</description>
      <docs>~</docs>
      <footprints>
        <fp>Connector*:*_2x??_*</fp>
      </footprints>
      <fields>
        <field name="Reference">J</field>
        <field name="Value">Conn_02x20_Odd_Even</field>
      </fields>
      <pins>
        <pin num="1" name="Pin_1" type="passive"/>
        <pin num="2" name="Pin_2" type="passive"/>
        <pin num="3" name="Pin_3" type="passive"/>
        <pin num="4" name="Pin_4" type="passive"/>
        <pin num="5" name="Pin_5" type="passive"/>
        <pin num="6" name="Pin_6" type="passive"/>
        <pin num="7" name="Pin_7" type="passive"/>
        <pin num="8" name="Pin_8" type="passive"/>
        <pin num="9" name="Pin_9" type="passive"/>
        <pin num="10" name="Pin_10" type="passive"/>
        <pin num="11" name="Pin_11" type="passive"/>
        <pin num="12" name="Pin_12" type="passive"/>
        <pin num="13" name="Pin_13" type="passive"/>
        <pin num="14" name="Pin_14" type="passive"/>
        <pin num="15" name="Pin_15" type="passive"/>
        <pin num="16" name="Pin_16" type="passive"/>
        <pin num="17" name="Pin_17" type="passive"/>
        <pin num="18" name="Pin_18" type="passive"/>
        <pin num="19" name="Pin_19" type="passive"/>
        <pin num="20" name="Pin_20" type="passive"/>
        <pin num="21" name="Pin_21" type="passive"/>
        <pin num="22" name="Pin_22" type="passive"/>
        <pin num="23" name="Pin_23" type="passive"/>
        <pin num="24" name="Pin_24" type="passive"/>
        <pin num="25" name="Pin_25" type="passive"/>
        <pin num="26" name="Pin_26" type="passive"/>
        <pin num="27" name="Pin_27" type="passive"/>
        <pin num="28" name="Pin_28" type="passive"/>
        <pin num="29" name="Pin_29" type="passive"/>
        <pin num="30" name="Pin_30" type="passive"/>
        <pin num="31" name="Pin_31" type="passive"/>
        <pin num="32" name="Pin_32" type="passive"/>
        <pin num="33" name="Pin_33" type="passive"/>
        <pin num="34" name="Pin_34" type="passive"/>
        <pin num="35" name="Pin_35" type="passive"/>
        <pin num="36" name="Pin_36" type="passive"/>
        <pin num="37" name="Pin_37" type="passive"/>
        <pin num="38" name="Pin_38" type="passive"/>
        <pin num="39" name="Pin_39" type="passive"/>
        <pin num="40" name="Pin_40" type="passive"/>
      </pins>
    </libpart>
    <libpart lib="Device" part="C_Small">
      <description>Unpolarized capacitor, small symbol</description>
      <docs>~</docs>
      <footprints>
        <fp>C_*</fp>
      </footprints>
      <fields>
        <field name="Reference">C</field>
        <field name="Value">C_Small</field>
      </fields>
      <pins>
        <pin num="1" name="~" type="passive"/>
        <pin num="2" name="~" type="passive"/>
      </pins>
    </libpart>
    <libpart lib="Device" part="Crystal_GND24_Small">
      <description>Four pin crystal, GND on pins 2 and 4, small symbol</description>
      <docs>~</docs>
      <footprints>
        <fp>Crystal*</fp>
      </footprints>
      <fields>
        <field name="Reference">Y</field>
        <field name="Value">Crystal_GND24_Small</field>
      </fields>
      <pins>
        <pin num="1" name="1" type="passive"/>
        <pin num="2" name="2" type="passive"/>
        <pin num="3" name="3" type="passive"/>
        <pin num="4" name="4" type="passive"/>
      </pins>
    </libpart>
    <libpart lib="Device" part="D_Schottky_Small">
      <description>Schottky diode, small symbol</description>
      <docs>~</docs>
      <footprints>
        <fp>TO-???*</fp>
        <fp>*_Diode_*</fp>
        <fp>*SingleDiode*</fp>
        <fp>D_*</fp>
      </footprints>
      <fields>
        <field name="Reference">D</field>
        <field name="Value">D_Schottky_Small</field>
      </fields>
      <pins>
        <pin num="1" name="K" type="passive"/>
        <pin num="2" name="A" type="passive"/>
      </pins>
    </libpart>
    <libpart lib="Device" part="Ferrite_Bead_Small">
      <description>Ferrite bead, small symbol</description>
      <docs>~</docs>
      <footprints>
        <fp>Inductor_*</fp>
        <fp>L_*</fp>
        <fp>*Ferrite*</fp>
      </footprints>
      <fields>
        <field name="Reference">FB</field>
        <field name="Value">Ferrite_Bead_Small</field>
      </fields>
      <pins>
        <pin num="1" name="~" type="passive"/>
        <pin num="2" name="~" type="passive"/>
      </pins>
    </libpart>
    <libpart lib="Device" part="Fuse_Small">
      <description>Fuse, small symbol</description>
      <docs>~</docs>
      <footprints>
        <fp>SM*</fp>
      </footprints>
      <fields>
        <field name="Reference">F</field>
        <field name="Value">Fuse_Small</field>
      </fields>
      <pins>
        <pin num="1" name="~" type="passive"/>
        <pin num="2" name="~" type="passive"/>
      </pins>
    </libpart>
    <libpart lib="Device" part="LED_Small">
      <description>Light emitting diode, small symbol</description>
      <docs>~</docs>
      <footprints>
        <fp>LED*</fp>
        <fp>LED_SMD:*</fp>
        <fp>LED_THT:*</fp>
      </footprints>
      <fields>
        <field name="Reference">D</field>
        <field name="Value">LED_Small</field>
      </fields>
      <pins>
        <pin num="1" name="K" type="passive"/>
        <pin num="2" name="A" type="passive"/>
      </pins>
    </libpart>
    <libpart lib="Device" part="L_Small">
      <description>Inductor, small symbol</description>
      <docs>~</docs>
      <footprints>
        <fp>Choke_*</fp>
        <fp>*Coil*</fp>
        <fp>Inductor_*</fp>
        <fp>L_*</fp>
      </footprints>
      <fields>
        <field name="Reference">L</field>
        <field name="Value">L_Small</field>
      </fields>
      <pins>
        <pin num="1" name="~" type="passive"/>
        <pin num="2" name="~" type="passive"/>
      </pins>
    </libpart>
    <libpart lib="Device" part="R_Small">
      <description>Resistor, small symbol</description>
      <docs>~</docs>
      <footprints>
        <fp>R_*</fp>
      </footprints>
      <fields>
        <field name="Reference">R</field>
        <field name="Value">R_Small</field>
      </fields>
      <pins>
        <pin num="1" name="~" type="passive"/>
        <pin num="2" name="~" type="passive"/>
      </pins>
    </libpart>
    <libpart lib="IRF540" part="IRF540">
      <fields>
        <field name="Reference">Q</field>
        <field name="Value">IRF540</field>
        <field name="Footprint">TO254P1052X465X1989-3</field>
        <field name="MAXIMUM_PACKAGE_HEIGHT">19.89 mm</field>
        <field name="STANDARD">IPC 7351B</field>
        <field name="PARTREV">B</field>
        <field name="MANUFACTURER">Vishay</field>
      </fields>
      <pins>
        <pin num="1" name="~" type="passive"/>
        <pin num="2" name="~" type="passive"/>
        <pin num="3" name="~" type="passive"/>
      </pins>
    </libpart>
    <libpart lib="MCU_ST_STM32F4" part="STM32F405RGTx">
      <description>ARM Cortex-M4 MCU, 1024KB flash, 128KB RAM, 168MHz, 1.8-3.6V, 51 GPIO, LQFP-64</description>
      <docs>http://www.st.com/st-web-ui/static/active/en/resource/technical/document/datasheet/DM00037051.pdf</docs>
      <footprints>
        <fp>LQFP*10x10mm*P0.5mm*</fp>
      </footprints>
      <fields>
        <field name="Reference">U</field>
        <field name="Value">STM32F405RGTx</field>
        <field name="Footprint">Package_QFP:LQFP-64_10x10mm_P0.5mm</field>
      </fields>
      <pins>
        <pin num="1" name="VBAT" type="power_in"/>
        <pin num="2" name="PC13" type="BiDi"/>
        <pin num="3" name="PC14" type="BiDi"/>
        <pin num="4" name="PC15" type="BiDi"/>
        <pin num="5" name="PH0" type="input"/>
        <pin num="6" name="PH1" type="input"/>
        <pin num="7" name="NRST" type="input"/>
        <pin num="8" name="PC0" type="BiDi"/>
        <pin num="9" name="PC1" type="BiDi"/>
        <pin num="10" name="PC2" type="BiDi"/>
        <pin num="11" name="PC3" type="BiDi"/>
        <pin num="12" name="VSSA" type="power_in"/>
        <pin num="13" name="VDDA" type="power_in"/>
        <pin num="14" name="PA0" type="BiDi"/>
        <pin num="15" name="PA1" type="BiDi"/>
        <pin num="16" name="PA2" type="BiDi"/>
        <pin num="17" name="PA3" type="BiDi"/>
        <pin num="18" name="VSS" type="power_in"/>
        <pin num="19" name="VDD" type="power_in"/>
        <pin num="20" name="PA4" type="BiDi"/>
        <pin num="21" name="PA5" type="BiDi"/>
        <pin num="22" name="PA6" type="BiDi"/>
        <pin num="23" name="PA7" type="BiDi"/>
        <pin num="24" name="PC4" type="BiDi"/>
        <pin num="25" name="PC5" type="BiDi"/>
        <pin num="26" name="PB0" type="BiDi"/>
        <pin num="27" name="PB1" type="BiDi"/>
        <pin num="28" name="PB2" type="BiDi"/>
        <pin num="29" name="PB10" type="BiDi"/>
        <pin num="30" name="PB11" type="BiDi"/>
        <pin num="31" name="VCAP_1" type="power_in"/>
        <pin num="32" name="VDD" type="power_in"/>
        <pin num="33" name="PB12" type="BiDi"/>
        <pin num="34" name="PB13" type="BiDi"/>
        <pin num="35" name="PB14" type="BiDi"/>
        <pin num="36" name="PB15" type="BiDi"/>
        <pin num="37" name="PC6" type="BiDi"/>
        <pin num="38" name="PC7" type="BiDi"/>
        <pin num="39" name="PC8" type="BiDi"/>
        <pin num="40" name="PC9" type="BiDi"/>
        <pin num="41" name="PA8" type="BiDi"/>
        <pin num="42" name="PA9" type="BiDi"/>
        <pin num="43" name="PA10" type="BiDi"/>
        <pin num="44" name="PA11" type="BiDi"/>
        <pin num="45" name="PA12" type="BiDi"/>
        <pin num="46" name="PA13" type="BiDi"/>
        <pin num="47" name="VCAP_2" type="power_in"/>
        <pin num="48" name="VDD" type="power_in"/>
        <pin num="49" name="PA14" type="BiDi"/>
        <pin num="50" name="PA15" type="BiDi"/>
        <pin num="51" name="PC10" type="BiDi"/>
        <pin num="52" name="PC11" type="BiDi"/>
        <pin num="53" name="PC12" type="BiDi"/>
        <pin num="54" name="PD2" type="BiDi"/>
        <pin num="55" name="PB3" type="BiDi"/>
        <pin num="56" name="PB4" type="BiDi"/>
        <pin num="57" name="PB5" type="BiDi"/>
        <pin num="58" name="PB6" type="BiDi"/>
        <pin num="59" name="PB7" type="BiDi"/>
        <pin num="60" name="BOOT0" type="input"/>
        <pin num="61" name="PB8" type="BiDi"/>
        <pin num="62" name="PB9" type="BiDi"/>
        <pin num="63" name="VSS" type="power_in"/>
        <pin num="64" name="VDD" type="power_in"/>
      </pins>
    </libpart>
    <libpart lib="Mechanical" part="MountingHole_Pad">
      <description>Mounting Hole with connection</description>
      <docs>~</docs>
      <footprints>
        <fp>MountingHole*Pad*</fp>
      </footprints>
      <fields>
        <field name="Reference">H</field>
        <field name="Value">MountingHole_Pad</field>
      </fields>
      <pins>
        <pin num="1" name="1" type="input"/>
      </pins>
    </libpart>
    <libpart lib="Power_Protection" part="USBLC6-2SC6">
      <description>Very low capacitance ESD protection diode, 2 data-line, SOT-23-6</description>
      <docs>https://www.st.com/resource/en/datasheet/usblc6-2.pdf</docs>
      <footprints>
        <fp>SOT?23*</fp>
      </footprints>
      <fields>
        <field name="Reference">U</field>
        <field name="Value">USBLC6-2SC6</field>
        <field name="Footprint">Package_TO_SOT_SMD:SOT-23-6</field>
      </fields>
      <pins>
        <pin num="1" name="I/O1" type="passive"/>
        <pin num="2" name="GND" type="passive"/>
        <pin num="3" name="I/O2" type="passive"/>
        <pin num="4" name="I/O2" type="passive"/>
        <pin num="5" name="VBUS" type="passive"/>
        <pin num="6" name="I/O1" type="passive"/>
      </pins>
    </libpart>
    <libpart lib="Regulator_Linear" part="LM1117-1.8">
      <aliases>
        <alias>LM1117-2.5</alias>
        <alias>LM1117-3.3</alias>
        <alias>LM1117-5.0</alias>
        <alias>TLV1117-15</alias>
        <alias>TLV1117-18</alias>
        <alias>TLV1117-25</alias>
        <alias>TLV1117-33</alias>
        <alias>TLV1117-50</alias>
      </aliases>
      <description>800mA Low-Dropout Linear Regulator, 1.8V fixed output, TO-220/TO-252/TO-263/SOT-223</description>
      <docs>http://www.ti.com/lit/ds/symlink/lm1117.pdf</docs>
      <footprints>
        <fp>SOT?223*</fp>
        <fp>TO?263*</fp>
        <fp>TO?252*</fp>
        <fp>TO?220*</fp>
      </footprints>
      <fields>
        <field name="Reference">U</field>
        <field name="Value">LM1117-1.8</field>
      </fields>
      <pins>
        <pin num="1" name="GND" type="power_in"/>
        <pin num="2" name="VO" type="power_out"/>
        <pin num="3" name="VI" type="power_in"/>
      </pins>
    </libpart>
    <libpart lib="Sensor_Temperature" part="MCP9804_MSOP">
      <aliases>
        <alias>MCP9808_MSOP</alias>
      </aliases>
      <description>+/-0.25C (+/-1C) Typical (Maximum), Digital Temperature Sensor, MSOP-8</description>
      <docs>http://ww1.microchip.com/downloads/en/DeviceDoc/22203b.pdf</docs>
      <footprints>
        <fp>MSOP*3x3mm*P0.65mm*</fp>
      </footprints>
      <fields>
        <field name="Reference">U</field>
        <field name="Value">MCP9804_MSOP</field>
        <field name="Footprint">Package_SO:MSOP-8_3x3mm_P0.65mm</field>
      </fields>
      <pins>
        <pin num="1" name="SDA" type="BiDi"/>
        <pin num="2" name="SCL" type="input"/>
        <pin num="3" name="Alert" type="output"/>
        <pin num="4" name="GND" type="power_in"/>
        <pin num="5" name="A2" type="input"/>
        <pin num="6" name="A1" type="input"/>
        <pin num="7" name="A0" type="input"/>
        <pin num="8" name="VDD" type="power_in"/>
      </pins>
    </libpart>
    <libpart lib="Switch" part="SW_SPDT">
      <description>Switch, single pole double throw</description>
      <docs>~</docs>
      <fields>
        <field name="Reference">SW</field>
        <field name="Value">SW_SPDT</field>
      </fields>
      <pins>
        <pin num="1" name="A" type="passive"/>
        <pin num="2" name="B" type="passive"/>
        <pin num="3" name="C" type="passive"/>
      </pins>
    </libpart>
    <libpart lib="Transistor_FET" part="QM6015D">
      <description>-35A Id, -60V Vds, P-Channel Power MOSFET, 25mOhm Ron, 25.0nC Qg (typ), TO252</description>
      <docs>http://www.jaolen.com/images/pdf/QM6015D.pdf</docs>
      <footprints>
        <fp>TO?252*</fp>
      </footprints>
      <fields>
        <field name="Reference">Q</field>
        <field name="Value">QM6015D</field>
        <field name="Footprint">Package_TO_SOT_SMD:TO-252-2</field>
      </fields>
      <pins>
        <pin num="1" name="G" type="passive"/>
        <pin num="2" name="D" type="passive"/>
        <pin num="3" name="S" type="passive"/>
      </pins>
    </libpart>
    <libpart lib="project_custom_symbols" part="RT7257BHZSP">
      <fields>
        <field name="Reference">U</field>
        <field name="Value">RT7257BHZSP</field>
      </fields>
      <pins>
        <pin num="1" name="BOOT" type="input"/>
        <pin num="2" name="VIN" type="input"/>
        <pin num="3" name="SW" type="input"/>
        <pin num="4" name="GND" type="input"/>
        <pin num="5" name="FB" type="input"/>
        <pin num="6" name="COMP" type="input"/>
        <pin num="7" name="EN" type="input"/>
        <pin num="8" name="SS" type="input"/>
        <pin num="9" name="GND" type="passive"/>
      </pins>
    </libpart>
  </libparts>
  <libraries>
    <library logical="Connector">
      <uri>C:\Program Files\KiCad\share\kicad\library/Connector.lib</uri>
    </library>
    <library logical="Connector_Generic">
      <uri>C:\Program Files\KiCad\share\kicad\library/Connector_Generic.lib</uri>
    </library>
    <library logical="Device">
      <uri>C:\Program Files\KiCad\share\kicad\library/Device.lib</uri>
    </library>
    <library logical="IRF540">
      <uri>C:/Users/Oscar/Documents/AstroCompute/astro_compute_board/lib/IRF540.lib</uri>
    </library>
    <library logical="MCU_ST_STM32F4">
      <uri>C:\Program Files\KiCad\share\kicad\library/MCU_ST_STM32F4.lib</uri>
    </library>
    <library logical="Mechanical">
      <uri>C:\Program Files\KiCad\share\kicad\library/Mechanical.lib</uri>
    </library>
    <library logical="Power_Protection">
      <uri>C:\Program Files\KiCad\share\kicad\library/Power_Protection.lib</uri>
    </library>
    <library logical="Regulator_Linear">
      <uri>C:\Program Files\KiCad\share\kicad\library/Regulator_Linear.lib</uri>
    </library>
    <library logical="Sensor_Temperature">
      <uri>C:\Program Files\KiCad\share\kicad\library/Sensor_Temperature.lib</uri>
    </library>
    <library logical="Switch">
      <uri>C:\Program Files\KiCad\share\kicad\library/Switch.lib</uri>
    </library>
    <library logical="Transistor_FET">
      <uri>C:\Program Files\KiCad\share\kicad\library/Transistor_FET.lib</uri>
    </library>
    <library logical="project_custom_symbols">
      <uri>C:\Users\Oscar\Documents\AstroCompute\astro_compute_board/project_custom_symbols.lib</uri>
    </library>
  </libraries>
  <nets>
    <net code="1" name="USB_D+">
      <node ref="U3" pin="4"/>
      <node ref="U1" pin="45"/>
    </net>
    <net code="2" name="USB_D-">
      <node ref="U1" pin="44"/>
      <node ref="U3" pin="6"/>
    </net>
    <net code="3" name="+5V">
      <node ref="R24" pin="2"/>
      <node ref="J6" pin="1"/>
      <node ref="J8" pin="2"/>
      <node ref="J8" pin="4"/>
      <node ref="D2" pin="2"/>
      <node ref="C19" pin="1"/>
      <node ref="U4" pin="3"/>
      <node ref="C15" pin="1"/>
      <node ref="C18" pin="1"/>
      <node ref="R8" pin="2"/>
      <node ref="L2" pin="2"/>
    </net>
    <net code="4" name="Net-(J6-Pad4)">
      <node ref="J6" pin="4"/>
    </net>
    <net code="5" name="USB_CON_D+">
      <node ref="U3" pin="3"/>
      <node ref="J6" pin="3"/>
    </net>
    <net code="6" name="GPIO_05">
      <node ref="U1" pin="33"/>
      <node ref="GPIO1" pin="2"/>
    </net>
    <net code="7" name="GPIO_01">
      <node ref="GPIO1" pin="3"/>
      <node ref="U1" pin="40"/>
    </net>
    <net code="8" name="GPIO_06">
      <node ref="GPIO1" pin="4"/>
      <node ref="U1" pin="34"/>
    </net>
    <net code="9" name="GPIO_02">
      <node ref="U1" pin="39"/>
      <node ref="GPIO1" pin="5"/>
    </net>
    <net code="10" name="GPIO_07">
      <node ref="U1" pin="35"/>
      <node ref="GPIO1" pin="6"/>
    </net>
    <net code="11" name="GPIO_03">
      <node ref="GPIO1" pin="7"/>
      <node ref="U1" pin="38"/>
    </net>
    <net code="12" name="GPIO_08">
      <node ref="GPIO1" pin="8"/>
      <node ref="U1" pin="36"/>
    </net>
    <net code="13" name="GPIO_04">
      <node ref="U1" pin="37"/>
      <node ref="GPIO1" pin="9"/>
    </net>
    <net code="14" name="+3V3">
      <node ref="C3" pin="1"/>
      <node ref="U3" pin="5"/>
      <node ref="U1" pin="19"/>
      <node ref="U1" pin="32"/>
      <node ref="C6" pin="1"/>
      <node ref="R5" pin="1"/>
      <node ref="USART1" pin="1"/>
      <node ref="R4" pin="1"/>
      <node ref="GPIO1" pin="1"/>
      <node ref="U1" pin="64"/>
      <node ref="U1" pin="48"/>
      <node ref="R20" pin="1"/>
      <node ref="R21" pin="1"/>
      <node ref="U1" pin="1"/>
      <node ref="C20" pin="1"/>
      <node ref="U5" pin="8"/>
      <node ref="C8" pin="1"/>
      <node ref="J1" pin="1"/>
      <node ref="C5" pin="1"/>
      <node ref="C7" pin="1"/>
      <node ref="SW1" pin="1"/>
      <node ref="C4" pin="1"/>
      <node ref="J8" pin="17"/>
      <node ref="U4" pin="2"/>
      <node ref="J8" pin="1"/>
      <node ref="L1" pin="1"/>
    </net>
    <net code="15" name="USB_CON_D-">
      <node ref="J6" pin="2"/>
      <node ref="U3" pin="1"/>
    </net>
    <net code="16" name="GND">
      <node ref="J10" pin="5"/>
      <node ref="SW1" pin="3"/>
      <node ref="C7" pin="2"/>
      <node ref="C8" pin="2"/>
      <node ref="J6" pin="5"/>
      <node ref="C6" pin="2"/>
      <node ref="C3" pin="2"/>
      <node ref="C4" pin="2"/>
      <node ref="C5" pin="2"/>
      <node ref="C10" pin="2"/>
      <node ref="C9" pin="2"/>
      <node ref="C12" pin="2"/>
      <node ref="C11" pin="2"/>
      <node ref="Y1" pin="4"/>
      <node ref="Y1" pin="2"/>
      <node ref="J1" pin="5"/>
      <node ref="U2" pin="9"/>
      <node ref="U2" pin="4"/>
      <node ref="R3" pin="2"/>
      <node ref="C13" pin="2"/>
      <node ref="J1" pin="3"/>
      <node ref="C14" pin="2"/>
      <node ref="U1" pin="12"/>
      <node ref="U1" pin="63"/>
      <node ref="U1" pin="18"/>
      <node ref="C1" pin="2"/>
      <node ref="C2" pin="2"/>
      <node ref="GPIO1" pin="10"/>
      <node ref="J1" pin="9"/>
      <node ref="C18" pin="2"/>
      <node ref="R9" pin="1"/>
      <node ref="R7" pin="1"/>
      <node ref="C20" pin="2"/>
      <node ref="C19" pin="2"/>
      <node ref="D5" pin="1"/>
      <node ref="Q1" pin="1"/>
      <node ref="C15" pin="2"/>
      <node ref="U4" pin="1"/>
      <node ref="J8" pin="9"/>
      <node ref="J8" pin="6"/>
      <node ref="J8" pin="39"/>
      <node ref="J8" pin="34"/>
      <node ref="Q2" pin="3"/>
      <node ref="D3" pin="1"/>
      <node ref="D4" pin="1"/>
      <node ref="J8" pin="30"/>
      <node ref="U3" pin="2"/>
      <node ref="H4" pin="1"/>
      <node ref="H3" pin="1"/>
      <node ref="H2" pin="1"/>
      <node ref="H1" pin="1"/>
      <node ref="J8" pin="14"/>
      <node ref="J8" pin="20"/>
      <node ref="J8" pin="25"/>
      <node ref="U5" pin="6"/>
      <node ref="U5" pin="5"/>
      <node ref="U5" pin="4"/>
      <node ref="USART1" pin="4"/>
      <node ref="R11" pin="1"/>
      <node ref="Q3" pin="3"/>
      <node ref="U5" pin="7"/>
      <node ref="R19" pin="1"/>
      <node ref="J9" pin="2"/>
    </net>
    <net code="17" name="Net-(J6-Pad6)">
      <node ref="J6" pin="6"/>
    </net>
    <net code="18" name="Net-(Heater2-Pad2)">
      <node ref="Q3" pin="2"/>
      <node ref="Heater2" pin="2"/>
    </net>
    <net code="19" name="+12V">
      <node ref="F1" pin="1"/>
      <node ref="Heater1" pin="1"/>
      <node ref="J9" pin="1"/>
      <node ref="Heater2" pin="1"/>
    </net>
    <net code="20" name="Net-(Heater1-Pad2)">
      <node ref="Q2" pin="2"/>
      <node ref="Heater1" pin="2"/>
    </net>
    <net code="21" name="Net-(Q2-Pad1)">
      <node ref="R11" pin="2"/>
      <node ref="R10" pin="1"/>
      <node ref="Q2" pin="1"/>
    </net>
    <net code="22" name="Net-(Q3-Pad1)">
      <node ref="Q3" pin="1"/>
      <node ref="R19" pin="2"/>
      <node ref="R18" pin="1"/>
    </net>
    <net code="23" name="Net-(J8-Pad16)">
      <node ref="J8" pin="16"/>
    </net>
    <net code="24" name="Net-(R13-Pad1)">
      <node ref="R13" pin="1"/>
      <node ref="USART1" pin="3"/>
    </net>
    <net code="25" name="USART1_RX">
      <node ref="U1" pin="43"/>
      <node ref="R13" pin="2"/>
    </net>
    <net code="26" name="Net-(J8-Pad10)">
      <node ref="J8" pin="10"/>
    </net>
    <net code="27" name="Net-(J8-Pad11)">
      <node ref="J8" pin="11"/>
    </net>
    <net code="28" name="Net-(J8-Pad12)">
      <node ref="J8" pin="12"/>
    </net>
    <net code="29" name="Net-(J8-Pad13)">
      <node ref="J8" pin="13"/>
    </net>
    <net code="30" name="Net-(J8-Pad15)">
      <node ref="J8" pin="15"/>
    </net>
    <net code="31" name="Net-(J8-Pad18)">
      <node ref="J8" pin="18"/>
    </net>
    <net code="32" name="Net-(J8-Pad19)">
      <node ref="J8" pin="19"/>
    </net>
    <net code="33" name="Net-(J8-Pad21)">
      <node ref="J8" pin="21"/>
    </net>
    <net code="34" name="Net-(J8-Pad22)">
      <node ref="J8" pin="22"/>
    </net>
    <net code="35" name="Net-(J8-Pad23)">
      <node ref="J8" pin="23"/>
    </net>
    <net code="36" name="Net-(J8-Pad24)">
      <node ref="J8" pin="24"/>
    </net>
    <net code="37" name="Net-(J8-Pad26)">
      <node ref="J8" pin="26"/>
    </net>
    <net code="38" name="Net-(J8-Pad27)">
      <node ref="J8" pin="27"/>
    </net>
    <net code="39" name="Net-(J8-Pad28)">
      <node ref="J8" pin="28"/>
    </net>
    <net code="40" name="Net-(R12-Pad1)">
      <node ref="R12" pin="1"/>
      <node ref="USART1" pin="2"/>
    </net>
    <net code="41" name="USART1_TX">
      <node ref="R12" pin="2"/>
      <node ref="U1" pin="42"/>
    </net>
    <net code="42" name="Net-(J8-Pad29)">
      <node ref="J8" pin="29"/>
    </net>
    <net code="43" name="I2C1_SDA">
      <node ref="R4" pin="2"/>
      <node ref="J8" pin="3"/>
      <node ref="U1" pin="59"/>
    </net>
    <net code="44" name="Net-(J8-Pad31)">
      <node ref="J8" pin="31"/>
    </net>
    <net code="45" name="Net-(J8-Pad32)">
      <node ref="J8" pin="32"/>
    </net>
    <net code="46" name="Net-(J8-Pad33)">
      <node ref="J8" pin="33"/>
    </net>
    <net code="47" name="Net-(J8-Pad35)">
      <node ref="J8" pin="35"/>
    </net>
    <net code="48" name="Net-(J8-Pad36)">
      <node ref="J8" pin="36"/>
    </net>
    <net code="49" name="Net-(J8-Pad37)">
      <node ref="J8" pin="37"/>
    </net>
    <net code="50" name="Net-(J8-Pad38)">
      <node ref="J8" pin="38"/>
    </net>
    <net code="51" name="Net-(J8-Pad40)">
      <node ref="J8" pin="40"/>
    </net>
    <net code="52" name="I2C1_SCL">
      <node ref="J8" pin="5"/>
      <node ref="U1" pin="58"/>
      <node ref="R5" pin="2"/>
    </net>
    <net code="53" name="Net-(J8-Pad7)">
      <node ref="J8" pin="7"/>
    </net>
    <net code="54" name="Net-(J8-Pad8)">
      <node ref="J8" pin="8"/>
    </net>
    <net code="55" name="Net-(U1-Pad24)">
      <node ref="U1" pin="24"/>
    </net>
    <net code="56" name="Net-(U1-Pad25)">
      <node ref="U1" pin="25"/>
    </net>
    <net code="57" name="Net-(J1-Pad4)">
      <node ref="J1" pin="4"/>
      <node ref="R15" pin="2"/>
    </net>
    <net code="58" name="Net-(D3-Pad2)">
      <node ref="D3" pin="2"/>
      <node ref="R22" pin="1"/>
    </net>
    <net code="59" name="PWM_A2">
      <node ref="U1" pin="26"/>
      <node ref="R10" pin="2"/>
      <node ref="R22" pin="2"/>
    </net>
    <net code="60" name="Net-(D4-Pad2)">
      <node ref="D4" pin="2"/>
      <node ref="R23" pin="1"/>
    </net>
    <net code="61" name="PWM_B2">
      <node ref="U1" pin="27"/>
      <node ref="R23" pin="2"/>
      <node ref="R18" pin="2"/>
    </net>
    <net code="62" name="Net-(U1-Pad4)">
      <node ref="U1" pin="4"/>
    </net>
    <net code="63" name="Net-(D5-Pad2)">
      <node ref="D5" pin="2"/>
      <node ref="R24" pin="1"/>
    </net>
    <net code="64" name="Net-(D2-Pad1)">
      <node ref="D2" pin="1"/>
      <node ref="Q1" pin="3"/>
      <node ref="FB1" pin="2"/>
    </net>
    <net code="65" name="TEMP_ALERT">
      <node ref="U1" pin="50"/>
      <node ref="U5" pin="3"/>
    </net>
    <net code="66" name="+3.3VA">
      <node ref="J10" pin="1"/>
      <node ref="C10" pin="1"/>
      <node ref="C9" pin="1"/>
      <node ref="L1" pin="2"/>
      <node ref="U1" pin="13"/>
    </net>
    <net code="67" name="ADC1_IN0">
      <node ref="J10" pin="2"/>
      <node ref="U1" pin="14"/>
    </net>
    <net code="68" name="ADC1_IN1">
      <node ref="U1" pin="15"/>
      <node ref="J10" pin="3"/>
    </net>
    <net code="69" name="ADC1_IN2">
      <node ref="U1" pin="16"/>
      <node ref="J10" pin="4"/>
    </net>
    <net code="70" name="Net-(U1-Pad62)">
      <node ref="U1" pin="62"/>
    </net>
    <net code="71" name="Net-(U1-Pad41)">
      <node ref="U1" pin="41"/>
    </net>
    <net code="72" name="Net-(U1-Pad20)">
      <node ref="U1" pin="20"/>
    </net>
    <net code="73" name="Net-(U1-Pad21)">
      <node ref="U1" pin="21"/>
    </net>
    <net code="74" name="Net-(U1-Pad22)">
      <node ref="U1" pin="22"/>
    </net>
    <net code="75" name="Net-(U1-Pad23)">
      <node ref="U1" pin="23"/>
    </net>
    <net code="76" name="Net-(U1-Pad28)">
      <node ref="U1" pin="28"/>
    </net>
    <net code="77" name="Net-(U1-Pad56)">
      <node ref="U1" pin="56"/>
    </net>
    <net code="78" name="Net-(U1-Pad57)">
      <node ref="U1" pin="57"/>
    </net>
    <net code="79" name="Net-(U1-Pad61)">
      <node ref="U1" pin="61"/>
    </net>
    <net code="80" name="Net-(U1-Pad54)">
      <node ref="U1" pin="54"/>
    </net>
    <net code="81" name="Net-(U1-Pad8)">
      <node ref="U1" pin="8"/>
    </net>
    <net code="82" name="Net-(U1-Pad9)">
      <node ref="U1" pin="9"/>
    </net>
    <net code="83" name="Net-(C1-Pad1)">
      <node ref="U1" pin="31"/>
      <node ref="C1" pin="1"/>
    </net>
    <net code="84" name="Net-(C2-Pad1)">
      <node ref="U1" pin="47"/>
      <node ref="C2" pin="1"/>
    </net>
    <net code="85" name="Net-(R1-Pad1)">
      <node ref="SW1" pin="2"/>
      <node ref="R1" pin="1"/>
    </net>
    <net code="86" name="BOOT0">
      <node ref="U1" pin="60"/>
      <node ref="R1" pin="2"/>
    </net>
    <net code="87" name="Net-(U1-Pad10)">
      <node ref="U1" pin="10"/>
    </net>
    <net code="88" name="Net-(U1-Pad11)">
      <node ref="U1" pin="11"/>
    </net>
    <net code="89" name="Net-(U1-Pad51)">
      <node ref="U1" pin="51"/>
    </net>
    <net code="90" name="Net-(U1-Pad52)">
      <node ref="U1" pin="52"/>
    </net>
    <net code="91" name="Net-(U1-Pad53)">
      <node ref="U1" pin="53"/>
    </net>
    <net code="92" name="Net-(U1-Pad2)">
      <node ref="U1" pin="2"/>
    </net>
    <net code="93" name="Net-(U1-Pad3)">
      <node ref="U1" pin="3"/>
    </net>
    <net code="94" name="SWO">
      <node ref="U1" pin="55"/>
      <node ref="R16" pin="1"/>
    </net>
    <net code="95" name="HSE_IN">
      <node ref="U1" pin="5"/>
      <node ref="C11" pin="1"/>
      <node ref="Y1" pin="1"/>
    </net>
    <net code="96" name="HSE_OUT">
      <node ref="R2" pin="1"/>
      <node ref="U1" pin="6"/>
    </net>
    <net code="97" name="NRST">
      <node ref="U1" pin="7"/>
      <node ref="R17" pin="1"/>
    </net>
    <net code="98" name="SWDIO">
      <node ref="U1" pin="46"/>
      <node ref="R14" pin="1"/>
    </net>
    <net code="99" name="SWCLCK">
      <node ref="U1" pin="49"/>
      <node ref="R15" pin="1"/>
    </net>
    <net code="100" name="LED_STATUS">
      <node ref="D1" pin="2"/>
      <node ref="U1" pin="17"/>
    </net>
    <net code="101" name="I2C2_SCL">
      <node ref="R21" pin="2"/>
      <node ref="U5" pin="2"/>
      <node ref="U1" pin="29"/>
    </net>
    <net code="102" name="I2C2_SDA">
      <node ref="R20" pin="2"/>
      <node ref="U5" pin="1"/>
      <node ref="U1" pin="30"/>
    </net>
    <net code="103" name="Net-(C17-Pad1)">
      <node ref="R7" pin="2"/>
      <node ref="C17" pin="1"/>
    </net>
    <net code="104" name="Net-(C17-Pad2)">
      <node ref="C17" pin="2"/>
      <node ref="U2" pin="6"/>
    </net>
    <net code="105" name="Net-(F1-Pad2)">
      <node ref="Q1" pin="2"/>
      <node ref="F1" pin="2"/>
    </net>
    <net code="106" name="Net-(C16-Pad2)">
      <node ref="C16" pin="2"/>
      <node ref="U2" pin="1"/>
    </net>
    <net code="107" name="Net-(C16-Pad1)">
      <node ref="C16" pin="1"/>
      <node ref="L2" pin="1"/>
      <node ref="U2" pin="3"/>
    </net>
    <net code="108" name="Net-(R8-Pad1)">
      <node ref="U2" pin="5"/>
      <node ref="R8" pin="1"/>
      <node ref="R9" pin="2"/>
    </net>
    <net code="109" name="Net-(J1-Pad2)">
      <node ref="R14" pin="2"/>
      <node ref="J1" pin="2"/>
    </net>
    <net code="110" name="Net-(J1-Pad8)">
      <node ref="J1" pin="8"/>
    </net>
    <net code="111" name="Net-(J1-Pad6)">
      <node ref="R16" pin="2"/>
      <node ref="J1" pin="6"/>
    </net>
    <net code="112" name="Net-(J1-Pad10)">
      <node ref="J1" pin="10"/>
      <node ref="R17" pin="2"/>
    </net>
    <net code="113" name="Net-(J1-Pad7)">
      <node ref="J1" pin="7"/>
    </net>
    <net code="114" name="BUCK_VIN">
      <node ref="U2" pin="2"/>
      <node ref="FB1" pin="1"/>
      <node ref="C13" pin="1"/>
      <node ref="R6" pin="2"/>
    </net>
    <net code="115" name="Net-(C12-Pad1)">
      <node ref="R2" pin="2"/>
      <node ref="C12" pin="1"/>
      <node ref="Y1" pin="3"/>
    </net>
    <net code="116" name="Net-(C14-Pad1)">
      <node ref="U2" pin="8"/>
      <node ref="C14" pin="1"/>
    </net>
    <net code="117" name="Net-(R6-Pad1)">
      <node ref="R6" pin="1"/>
      <node ref="U2" pin="7"/>
    </net>
    <net code="118" name="Net-(D1-Pad1)">
      <node ref="R3" pin="1"/>
      <node ref="D1" pin="1"/>
    </net>
  </nets>
</export>
